user_id,city_id,first_name,last_name,phone,email
1,1371,Kamila,Maryadi,+62 (020) 791 8206,kamilamarbun@hotmail.com
2,3578,Makara,Nugroho,(036) 175-4472,makarahabibi@hotmail.com
3,3171,Perkasa,Permadi,+62 (0673) 868 8811,perkasahutapea@yahoo.com
4,3573,Bahuraksa,Prasetyo,0863236937,bahuraksamaulana@gmail.com
5,6471,Paiman,Gunarto,(0400) 944 6242,paimanpermata@yahoo.com
6,3171,Ibrahim,Budiyanto,(084) 346-7831,ibrahimhardiansyah@yahoo.com
7,3578,Novi,Rajata,+62-066-990-0124,noviwijayanti@hotmail.com
8,3171,Kariman,Nuraini,(089) 171-0410,karimansimanjuntak@gmail.com
9,5171,Harsaya,Anggriawan,+62-78-812-2832,harsayalaksmiwati@hotmail.com
10,3578,Anom,Rahayu,(083) 248 8845,anomzulaika@gmail.com
11,3578,Jaga,Anggriawan,+62 (33) 341-6294,jagalaksita@gmail.com
12,3471,Artawan,Melani,+62 (047) 063 4316,artawanyulianti@gmail.com
13,3471,Digdaya,Mulyani,(0824) 704-6606,digdayawahyuni@gmail.com
14,1371,Darmaji,Halimah,082 285 2528,darmajisitumorang@hotmail.com
15,3578,Ika,Wijayanti,(040) 211 6126,ikahutapea@yahoo.com
16,6472,Paramita,Padmasari,+62 (0975) 973 1017,paramitarahayu@hotmail.com
17,3573,Cakrajiya,Marbun,+62 (0639) 649 5069,cakrajiyapuspita@yahoo.com
18,3171,Ulya,Lestari,+62 (012) 496 2911,ulyalaksmiwati@hotmail.com
19,1375,Nilam,Suryono,+62-0340-171-5900,nilammustofa@yahoo.com
20,3573,Wira,Mandala,(069) 257 3923,wiramarpaung@yahoo.com
21,3273,Karya,Prayoga,+62-0856-436-7239,karyanamaga@gmail.com
22,7371,Jamalia,Irawan,+62 (069) 343 5773,jamaliapudjiastuti@hotmail.com
23,3471,Yuliana,Hutagalung,+62 (661) 694 8061,yulianahalim@hotmail.com
24,7371,Cengkal,Manullang,(0142) 942 2267,cengkalsuryatmi@hotmail.com
25,3171,Cemplunk,Winarno,+62-57-256-1160,cemplunkwidiastuti@yahoo.com
26,1375,Yani,Sirait,+62-501-688-4182,yaniyulianti@hotmail.com
27,5171,Putri,Situmorang,+62-079-887-1121,putrisimanjuntak@gmail.com
28,5171,Harjaya,Irawan,(0368) 874-0546,harjayasalahudin@gmail.com
29,1375,Cengkir,Hariyah,+62 (405) 310 6926,cengkirhutapea@hotmail.com
30,3172,Rahmat,Prasetya,+62 (569) 174-1349,rahmathidayanto@hotmail.com
31,1375,Asmuni,Puspita,(0343) 393-0136,asmunihastuti@yahoo.com
32,3174,Jessica,Puspasari,+62-069-820-0050,jessicawinarsih@yahoo.com
33,3173,Eli,Adriansyah,+62-0421-618-7736,elisudiati@yahoo.com
34,3171,Galiono,Dongoran,+62 (058) 628-0738,galionomandasari@hotmail.com
35,3273,Gandewa,Farida,(099) 930 1222,gandewawahyuni@yahoo.com
36,3175,Kemba,Mandala,(009) 743 7343,kembanasyidah@gmail.com
37,6471,Usman,Jailani,+62-34-461-0340,usmansiregar@gmail.com
38,3173,Amelia,Marbun,+62 (030) 226 8960,ameliabudiman@yahoo.com
39,5171,Cinthia,Santoso,+62 (538) 980-4598,cinthiausamah@yahoo.com
40,7371,Titi,Budiyanto,+62 (0432) 663 9893,titihutasoit@hotmail.com
41,3471,Aisyah,Situmorang,+62 (72) 640 7299,aisyahprasetya@gmail.com
42,3172,Eli,Kuswoyo,+62-083-714-5393,elipurnawati@hotmail.com
43,3173,Kamidin,Sitompul,+62 (22) 562-0004,kamidinwijayanti@hotmail.com
44,6471,Makara,Pratama,(010) 302-7471,makaranatsir@hotmail.com
45,7371,Silvia,Nashiruddin,(0397) 688-7702,silviawinarno@hotmail.com
46,1371,Rosman,Palastri,+62 (93) 736-6177,rosmanfarida@hotmail.com
47,6471,Kamidin,Lazuardi,0806588573,kamidinwidodo@gmail.com
48,3175,Padma,Rajasa,(0973) 625-7316,padmasihombing@yahoo.com
49,5171,Pranawa,Susanti,+62-568-541-3377,pranawanasyiah@hotmail.com
50,6472,Winda,Uwais,084 063 5194,windamayasari@hotmail.com
51,3171,Omar,Suryono,+62 (023) 399 6410,omarsuryono@hotmail.com
52,3172,Yance,Saragih,+62 (073) 359 3006,yancehasanah@gmail.com
53,3174,Adika,Hariyah,+62 (477) 269-6792,adikawacana@yahoo.com
54,5171,Purwa,Winarsih,+62 (43) 930 8232,purwawahyudin@yahoo.com
55,1371,Warta,Latupono,+62-180-913-9819,wartaprasetya@yahoo.com
56,5171,Yunita,Yulianti,+62 (0648) 597-0129,yunitasaragih@hotmail.com
57,3174,Prakosa,Mardhiyah,083 159 8996,prakosadongoran@hotmail.com
58,3173,Rosman,Wacana,+62-092-579-1245,rosmandongoran@yahoo.com
59,3573,Zelda,Winarsih,+62 (520) 708-5391,zeldasirait@gmail.com
60,3578,Bancar,Usamah,+62-004-495-5142,bancarfujiati@hotmail.com
61,5171,Emong,Budiyanto,+62 (171) 676 5446,emongpurnawati@yahoo.com
62,3573,Ajeng,Puspita,+62-793-312-4614,ajengfujiati@gmail.com
63,3174,Laila,Mulyani,+62-042-277-3524,lailamandala@gmail.com
64,7371,Tami,Mustofa,+62-92-358-5068,tamisetiawan@hotmail.com
65,1375,Cakrabirawa,Laksmiwati,+62-0586-730-8836,cakrabirawamegantara@hotmail.com
66,3471,Jelita,Winarno,+62 (24) 160-2434,jelitamarbun@gmail.com
67,6471,Daruna,Wahyudin,(013) 826 7499,darunahalimah@yahoo.com
68,3174,Lanang,Sirait,+62-0757-632-1951,lanangwulandari@hotmail.com
69,3174,Mursinin,Latupono,+62 (032) 826 6218,mursininprabowo@yahoo.com
70,6471,Widya,Maryadi,+62-683-939-2072,widyaagustina@yahoo.com
71,3173,Jamil,Najmudin,+62 (007) 870-8010,jamilnarpati@yahoo.com
72,3173,Raditya,Saptono,(061) 731-9587,radityaprasetyo@hotmail.com
73,3573,Ulva,Halimah,(0244) 819-7885,ulvarahimah@gmail.com
74,3175,Ghaliyati,Rahayu,+62 (82) 011-1906,ghaliyatiprabowo@gmail.com
75,3172,Puji,Samosir,+62 (088) 977-1220,pujiwasita@gmail.com
76,3578,Eka,Winarsih,+62 (352) 967 8877,ekapalastri@hotmail.com
77,3172,Margana,Uyainah,+62 (044) 155 3070,marganawinarno@hotmail.com
78,3573,Dina,Tarihoran,+62 (056) 694-0659,dinayolanda@gmail.com
79,6472,Samsul,Hutagalung,+62-0108-415-5900,samsulmelani@gmail.com
80,3578,Puti,Usamah,(0331) 196-2999,putisinaga@yahoo.com
81,5171,Lulut,Tamba,0841107430,lulutiswahyudi@yahoo.com
82,6472,Victoria,Hasanah,+62-49-635-2846,victoriasihombing@hotmail.com
83,3172,Malika,Thamrin,(0466) 364 6839,malikamustofa@yahoo.com
84,3171,Daliman,Laksmiwati,+62 (093) 031-5130,dalimanmegantara@gmail.com
85,3573,Hasta,Handayani,082 717 8245,hastaoktaviani@gmail.com
86,5171,Rafid,Nasyidah,(089) 285 5202,rafidwijaya@yahoo.com
87,5171,Empluk,Situmorang,+62 (05) 881 4793,emplukpratama@yahoo.com
88,3573,Aurora,Riyanti,+62 (089) 057-2468,aurorasalahudin@yahoo.com
89,3173,Mahdi,Farida,+62 (638) 320-1952,mahdihariyah@yahoo.com
90,3578,Pardi,Mahendra,(007) 047-5367,pardisitompul@yahoo.com
91,3174,Janet,Narpati,(073) 111 6780,janettamba@gmail.com
92,5171,Nasab,Saragih,(0139) 619-4950,nasabrahayu@yahoo.com
93,5171,Almira,Siregar,+62 (0151) 543 5156,almiraprakasa@hotmail.com
94,5171,Sidiq,Habibi,+62 (076) 650 0493,sidiqmardhiyah@yahoo.com
95,6472,Balamantri,Marpaung,+62 (904) 242-8999,balamantrirahmawati@hotmail.com
96,1371,Martani,Hassanah,+62 (068) 983-3138,martanipuspasari@gmail.com
97,6471,Maryadi,Wahyuni,+62-0719-127-2524,maryadisuryatmi@gmail.com
98,3573,Ega,Prastuti,+62-026-060-6723,egawidiastuti@hotmail.com
99,3175,Caturangga,Marbun,+62 (082) 554 7558,caturanggasirait@yahoo.com
100,3171,Samsul,Palastri,(011) 250 5951,samsulsuwarno@yahoo.com
